elements,insertion_copy,insertion_move,emplace,clear,find_unbalanced,suscription_retrieve,subscription_setting,copy_assignment,copy_construction,move_assignment,move_construction
10,4.181e-07,2.956e-07,2.902e-07,7.4479e-08,1.10503e-07,2.57248e-07,2.33143e-07,2.60976e-05,1.84903e-05,2.78831e-07,3.4266e-08,
100,2.6597e-07,2.4846e-07,2.6659e-07,8.2007e-08,1.46663e-07,3.38961e-07,3.49774e-07,5.95981e-05,5.74907e-05,2.61806e-06,4.1381e-08,
1000,3.05655e-07,2.72257e-07,2.67705e-07,9.3795e-08,1.57076e-07,2.89119e-07,3.58972e-07,0.000129353,0.000125977,2.75576e-05,4.4514e-08,
10000,8.40248e-07,9.21924e-07,1.03032e-06,2.19493e-06,1.14243e-06,1.72861e-06,1.81e-06,0.00337134,0.00371033,0.00074007,1.14364e-07,
100000,7.76822e-07,9.12856e-07,8.48692e-07,1.47281e-05,1.07411e-06,1.53626e-06,1.5025e-06,0.0301164,0.0307123,0.0114763,2.38279e-07,
