elements,insertion_copy,insertion_move,emplace,clear,find_unbalanced,suscription_retrieve,subscription_setting,copy_assignment,copy_construction,move_assignment,move_construction
10,5.215e-07,3.367e-07,1.03882e-07,1.64404e-07,1.69341e-07,4.43654e-07,3.3524e-07,2.52313e-05,2.205e-05,4.20183e-07,3.7467e-08,
100,3.0462e-07,5.3917e-07,7.8456e-08,1.63119e-07,1.88091e-07,3.61958e-07,3.86625e-07,6.5495e-05,6.83714e-05,3.35652e-06,3.7985e-08,
1000,2.54306e-07,2.62608e-07,9.7284e-08,1.83196e-07,6.54525e-07,3.54373e-07,4.70375e-07,0.000149513,0.000137659,4.21841e-05,5.9114e-08,
10000,3.59035e-07,3.45106e-07,7.61583e-07,4.79281e-07,1.96605e-05,7.61327e-07,5.79565e-07,0.00103521,0.00113341,0.00148171,2.79958e-07,
100000,6.72693e-07,6.32867e-07,1.191e-05,9.50479e-07,0.000840518,1.33784e-06,1.08729e-06,0.0302894,0.0226227,0.012163,1.32544e-07,
